Question,Correct Answer,Option A,Option B,Option C,Option D,Option E
=== CSA-Dumps Section ===,,,,,,
A Service Catalog may include which of the following components?,D,"Order Guides, Exchange Rates, Calendars","Order Guides, Catalog Items, and Interceptors","Catalog Items, Asset Contracts, Task Surveys","Record Producers, Order Guides, and Catalog Items",
Which one of the following statements applies to a set of fields when they are coalesced during an import?,A,"If a match is found using the coalesce fields, the existing record is updated with the information being imported","If a match is not found using the coalesce fields, the system does not create a Transform Map","If a match is found using the coalesce fields, the system creates a new record","If a match is not found using the coalesce fields, the existing record is updated with the information being imported",
"As it relates to ServiceNow reporting, which of the following statements describes what a metric can do?","C,D",A metric is a report gauge used on homepages to display real-time data,A metric is a time measurement used to report the effectiveness of workflows and SLAS,A metric is used to measure and evaluate the effectiveness of IT service management processes,A metric is a comparative measurement used to report the effectiveness of flows and SLAs,
The display sequence is controlled in a Service Catalog Item using which of the following?,C,The Default Value field in the Catalog Item form,The Sequence field in the Catalog Item form,The Order field in the variable form,The Choice field in the Variable form,
Reports can be created from which different places in the platform?,"A,D",List column heading,Metrics module,Statistics module,View / Run module,
Knowledge Base Search results can be sorted by which of the following?,"A,C,E",Most recent update,Popularity,Relevancy,Manager assignment,Number of views
What is the path an Administrator could take to view the fulfillment stage task list for an order placed by a user?,C,RITM (Number)>REQ (Number)>PROCUREMENT (Number),REQ (Number)>RITM (Number)>PROCUREMENT (Number),REQ (Number)>RITM (Number)>TASK (Number),FULFILLMENT (Number)>RITM (Number)>TASK (Number),
Which term refers to application menus and modules which you may want to access quickly and often?,B,Breadcrumb,Favorite,Tag,Bookmark,
What is generated from the Service Catalog once a user places an order for an item or service?,C,A change request,An Order Guide,A request,An SLA,
"From the User menu, which actions can a user select?","B,C,D",Send Notifications,Log Out ServiceNow,Elevate,Impersonate,Order from Service Catalog
"Buttons, form links, and context menu items are all examples of what type of functionality?",B,Business Rule,UI Action,Client Script,UI Policy,
Which of the following is true of Service Catalog Items in relation to the Service Catalog?,B,They run behind the scenes.,They are the building blocks.,They are optional.,They provide options.,
Table Access Control rules are processed in the following order:,B,"any table name (wildcard), parent table name, table name","table name, parent table name, any table name (wildcard)","parent table name, table name, any table name (wildcard)","any table name (wildcard), table name, parent table name",
What is the platform name for the User table?,D,u_users,sys_users,x_users,sys_user,
A REQ number in the Service Catalog represents:,A,the order number.,the stage.,the task to complete.,the individual item in the order.,
Which would NOT appear in the History section of the Application Navigator?,B,Records,UI Pages,Lists,Forms,
Which one of the following statements is a recommendation from ServiceNow about Update Sets?,A,Avoid using the Default Update set as an Update Set for moving customizations from instance to instance,"Before moving customizations from instance to instance with Update Sets, ensure that both instances are different versions",Use the Baseline Update Set to store the contents of items after they are changed the first time,"Once an Update Set is closed as complete, change it back to in progress until it is applied to another instance",
Which of the following is used to initiate a flow?,A,A Trigger,Core Action,A spoke,An Event,
"For Administrators creating new Service Catalog items, what is a characteristic they should know about Service Catalog variables?",D,Service Catalog variables can only be used in Record Producers,Service Catalog variables can only be used in Order Guides,Service Catalog variables cannot affect the order price,Service Catalog variables are global by default,
Which one of the following statements is true about Column Context Menus?,A,"It displays actions such as creating quick reports, configuring the list, and exporting data","It displays actions related to filtering options, assigning tags, and search",It displays actions related to viewing and filtering the entire list,"It displays actions such as view form, view related task, and add relationship",
Which ServiceNow products can be used to discover and populate the CMDB?,"A,B",Discovery,IntegrationHub ETL,Finder,CMDB Plug-in,CMDB Integration Dashboard
"When using the Load Data and Transform Map process, what is the Mapping Assist used for?",D,Mapping fields using the Import Log,Mapping fields using Transform History,Mapping fields using an SLA,Mapping fields using a Field Map,
Which one of the following statements describes the contents of the Configuration Management Database (CMDB)?,A,The CMDB contains data about tangible and intangible business assets,"The CMDB contains the Business Rules that direct the intangible, configurable assets used by a company",The CMDB archives all Service Management PaaS equipment metadata and usage statistics,The CMDB contains ITIL process data pertaining to configuration items,
In what order should filter elements be specified?,A,"Field, Operator, then Value","Field, Operator, then Condition","Operator, Condition, then Value","Value, Operator, then Field",
Which statement is true about business rules?,B,A business rule must run before a database action occurs,A business rule can be a piece Of Javascript,A business rule must not run before a database action occurs,A business rule monitors fields on a form,
Which of the following are a type of client scripts supported in ServiceNow?,"A,C,D,F",onSubmit,onUpdate,onCellEdit,onLoad,onEdit
"Which type of tables may be extended by other tables, but do not extend another table?",A,Base Tables,Core Tables,Extended Tables,Custom Tables,
Which of the following statement describes the purpose of an Order Guide?,C,Order Guides restrict the number of items in an order to only one item per request,Order Guide provide a list of guidelines for Administrators on how to set up item variables,"Order Guide provide the ability to order multiple, related items as one request",Order Guides take the user directly to the checkout without prompting for information,
Which tool is used to have conversations with logged-in users in real-time?,A,Connect Chat,Now Messenger,User Presence,Comments,
Which of the following concepts are associated with the ServiceNow CMDB?,"A,C,D,E",Service Processes,User Permissions,Tables and Fields,A Database,The Dependency View