{
  "themes": [
    {
      "id": "light",
      "name": "Light",
      "description": "Clean Material Design with light colors",
      "file": "light.css",
      "preview": "linear-gradient(135deg, #2196F3, #1976D2)",
      "category": "classic",
      "isDefault": true
    },
    {
      "id": "dark",
      "name": "Dark",
      "description": "Sleek dark theme with high contrast",
      "file": "dark.css",
      "preview": "linear-gradient(135deg, #1a1a1a, #333333)",
      "category": "classic",
      "isDefault": false
    },
    {
      "id": "modern",
      "name": "Modern",
      "description": "Glassmorphism with gradient backgrounds",
      "file": "modern.css",
      "preview": "linear-gradient(135deg, #8B5CF6, #EC4899)",
      "category": "modern",
      "isDefault": false
    },
    {
      "id": "exp-modern",
      "name": "Experimental Modern",
      "description": "Cutting-edge experimental modern theme",
      "file": "exp-modern.css",
      "preview": "linear-gradient(135deg, #FF6B6B, #4ECDC4)",
      "category": "experimental",
      "isDefault": false
    }
  ],
  "version": "1.0.0",
  "lastUpdated": "2025-01-03"
}
