Question,Correct Answer,Option A,Option B,Option C,Option D,Option E,Option F,Option G,Option H,Option I,Option J,Option K,Option L,Option M,Option N,Option O,Option P,Option Q,Option R,Option S,Option T,Option U,Option V,Option W,Option X,Option Y,Option Z
What is the capital of France?,B,London,Paris,Berlin,Madrid,Rome,,,,,,,,,,,,,,,,,,,,,
Which programming language is known for 'Write Once Run Anywhere'?,C,Python,C++,Java,JavaScript,Go,Rust,Swift,,,,,,,,,,,,,,,,,,,
What are the primary colors?,"A,B,C",Red,Blue,Yellow,Green,Orange,Purple,Cyan,Magenta,,,,,,,,,,,,,,,,,,
True or False: HTML stands for HyperText Markup Language,A,TRUE,FALSE,,,,,,,,,,,,,,,,,,,,,,,,
What is 2 + 2?,D,3,5,6,4,8,10,,,,,,,,,,,,,,,,,,,,